,index,smiles,atompair_hashed,maccs,morgan_hashed,topological_hashed,chembl_id
0,0,CNCC(O)c1ccc(OC(=O)C(C)(C)C)c(OC(=O)C(C)(C)C)c1,None,None,None,None,CHEMBL1827
1,0,CNCC(O)c1ccc(OC(=O)C(C)(C)C)c(OC(=O)C(C)(C)C)c1,None,None,None,None,CHEMBL205
2,0,CNCC(O)c1ccc(OC(=O)C(C)(C)C)c(OC(=O)C(C)(C)C)c1,None,None,None,None,CHEMBL2034
3,0,CNCC(O)c1ccc(OC(=O)C(C)(C)C)c(OC(=O)C(C)(C)C)c1,0.00011721981046008967,0.0010352272437803567,9.563590430972102e-05,0.00018017594180030905,CHEMBL210
4,0,CNCC(O)c1ccc(OC(=O)C(C)(C)C)c(OC(=O)C(C)(C)C)c1,None,None,None,None,CHEMBL211
5,0,CNCC(O)c1ccc(OC(=O)C(C)(C)C)c(OC(=O)C(C)(C)C)c1,None,None,None,None,CHEMBL213
6,0,CNCC(O)c1ccc(OC(=O)C(C)(C)C)c(OC(=O)C(C)(C)C)c1,None,None,None,None,CHEMBL214
7,0,CNCC(O)c1ccc(OC(=O)C(C)(C)C)c(OC(=O)C(C)(C)C)c1,None,None,None,None,CHEMBL1867
8,0,CNCC(O)c1ccc(OC(=O)C(C)(C)C)c(OC(=O)C(C)(C)C)c1,None,None,None,None,CHEMBL216
9,0,CNCC(O)c1ccc(OC(=O)C(C)(C)C)c(OC(=O)C(C)(C)C)c1,None,None,None,None,CHEMBL217
10,0,CNCC(O)c1ccc(OC(=O)C(C)(C)C)c(OC(=O)C(C)(C)C)c1,None,None,None,None,CHEMBL1951
11,0,CNCC(O)c1ccc(OC(=O)C(C)(C)C)c(OC(=O)C(C)(C)C)c1,None,None,None,None,CHEMBL2056
12,0,CNCC(O)c1ccc(OC(=O)C(C)(C)C)c(OC(=O)C(C)(C)C)c1,None,None,None,None,CHEMBL220
13,0,CNCC(O)c1ccc(OC(=O)C(C)(C)C)c(OC(=O)C(C)(C)C)c1,None,None,None,None,CHEMBL221
14,0,CNCC(O)c1ccc(OC(=O)C(C)(C)C)c(OC(=O)C(C)(C)C)c1,None,None,None,None,CHEMBL222
15,0,CNCC(O)c1ccc(OC(=O)C(C)(C)C)c(OC(=O)C(C)(C)C)c1,None,None,None,None,CHEMBL223
16,0,CNCC(O)c1ccc(OC(=O)C(C)(C)C)c(OC(=O)C(C)(C)C)c1,None,None,None,None,CHEMBL224
17,0,CNCC(O)c1ccc(OC(=O)C(C)(C)C)c(OC(=O)C(C)(C)C)c1,None,None,None,None,CHEMBL225
18,0,CNCC(O)c1ccc(OC(=O)C(C)(C)C)c(OC(=O)C(C)(C)C)c1,None,None,None,None,CHEMBL226
19,0,CNCC(O)c1ccc(OC(=O)C(C)(C)C)c(OC(=O)C(C)(C)C)c1,None,None,None,None,CHEMBL229
20,0,CNCC(O)c1ccc(OC(=O)C(C)(C)C)c(OC(=O)C(C)(C)C)c1,None,None,None,None,CHEMBL230
21,0,CNCC(O)c1ccc(OC(=O)C(C)(C)C)c(OC(=O)C(C)(C)C)c1,None,None,None,None,CHEMBL232
22,0,CNCC(O)c1ccc(OC(=O)C(C)(C)C)c(OC(=O)C(C)(C)C)c1,None,None,None,None,CHEMBL1987
23,0,CNCC(O)c1ccc(OC(=O)C(C)(C)C)c(OC(=O)C(C)(C)C)c1,None,None,None,None,CHEMBL1881
24,0,CNCC(O)c1ccc(OC(=O)C(C)(C)C)c(OC(=O)C(C)(C)C)c1,None,None,None,None,CHEMBL2015
25,0,CNCC(O)c1ccc(OC(=O)C(C)(C)C)c(OC(=O)C(C)(C)C)c1,None,None,None,None,CHEMBL1940
26,0,CNCC(O)c1ccc(OC(=O)C(C)(C)C)c(OC(=O)C(C)(C)C)c1,None,None,None,None,CHEMBL241
27,0,CNCC(O)c1ccc(OC(=O)C(C)(C)C)c(OC(=O)C(C)(C)C)c1,None,None,None,None,CHEMBL1783
28,0,CNCC(O)c1ccc(OC(=O)C(C)(C)C)c(OC(=O)C(C)(C)C)c1,None,None,None,None,CHEMBL1821
29,0,CNCC(O)c1ccc(OC(=O)C(C)(C)C)c(OC(=O)C(C)(C)C)c1,None,None,None,None,CHEMBL2035
30,0,CNCC(O)c1ccc(OC(=O)C(C)(C)C)c(OC(=O)C(C)(C)C)c1,None,None,None,None,CHEMBL1942
31,0,CNCC(O)c1ccc(OC(=O)C(C)(C)C)c(OC(=O)C(C)(C)C)c1,None,None,None,None,CHEMBL1916
32,0,CNCC(O)c1ccc(OC(=O)C(C)(C)C)c(OC(=O)C(C)(C)C)c1,None,None,None,None,CHEMBL245
33,0,CNCC(O)c1ccc(OC(=O)C(C)(C)C)c(OC(=O)C(C)(C)C)c1,None,None,None,None,CHEMBL1904
34,0,CNCC(O)c1ccc(OC(=O)C(C)(C)C)c(OC(=O)C(C)(C)C)c1,None,None,None,None,CHEMBL246
35,0,CNCC(O)c1ccc(OC(=O)C(C)(C)C)c(OC(=O)C(C)(C)C)c1,None,None,None,None,CHEMBL1833
36,0,CNCC(O)c1ccc(OC(=O)C(C)(C)C)c(OC(=O)C(C)(C)C)c1,None,None,None,None,CHEMBL1900
37,0,CNCC(O)c1ccc(OC(=O)C(C)(C)C)c(OC(=O)C(C)(C)C)c1,None,None,None,None,CHEMBL1785
38,0,CNCC(O)c1ccc(OC(=O)C(C)(C)C)c(OC(=O)C(C)(C)C)c1,None,None,None,None,CHEMBL252
39,0,CNCC(O)c1ccc(OC(=O)C(C)(C)C)c(OC(=O)C(C)(C)C)c1,None,None,None,None,CHEMBL251
40,0,CNCC(O)c1ccc(OC(=O)C(C)(C)C)c(OC(=O)C(C)(C)C)c1,None,None,None,None,CHEMBL1836
41,0,CNCC(O)c1ccc(OC(=O)C(C)(C)C)c(OC(=O)C(C)(C)C)c1,None,None,None,None,CHEMBL254
42,0,CNCC(O)c1ccc(OC(=O)C(C)(C)C)c(OC(=O)C(C)(C)C)c1,None,None,None,None,CHEMBL256
43,0,CNCC(O)c1ccc(OC(=O)C(C)(C)C)c(OC(=O)C(C)(C)C)c1,None,None,None,None,CHEMBL4716
44,0,CNCC(O)c1ccc(OC(=O)C(C)(C)C)c(OC(=O)C(C)(C)C)c1,None,None,None,None,CHEMBL2885
45,0,CNCC(O)c1ccc(OC(=O)C(C)(C)C)c(OC(=O)C(C)(C)C)c1,None,None,None,None,CHEMBL3421
46,0,CNCC(O)c1ccc(OC(=O)C(C)(C)C)c(OC(=O)C(C)(C)C)c1,None,None,None,None,CHEMBL3025
47,0,CNCC(O)c1ccc(OC(=O)C(C)(C)C)c(OC(=O)C(C)(C)C)c1,None,None,None,None,CHEMBL4884
48,0,CNCC(O)c1ccc(OC(=O)C(C)(C)C)c(OC(=O)C(C)(C)C)c1,None,None,None,None,CHEMBL261
49,0,CNCC(O)c1ccc(OC(=O)C(C)(C)C)c(OC(=O)C(C)(C)C)c1,None,None,None,None,CHEMBL3710
50,0,CNCC(O)c1ccc(OC(=O)C(C)(C)C)c(OC(=O)C(C)(C)C)c1,None,None,None,None,CHEMBL1914
51,0,CNCC(O)c1ccc(OC(=O)C(C)(C)C)c(OC(=O)C(C)(C)C)c1,None,None,None,None,CHEMBL4425
52,0,CNCC(O)c1ccc(OC(=O)C(C)(C)C)c(OC(=O)C(C)(C)C)c1,None,None,None,None,CHEMBL2652
53,0,CNCC(O)c1ccc(OC(=O)C(C)(C)C)c(OC(=O)C(C)(C)C)c1,None,None,None,None,CHEMBL275
54,0,CNCC(O)c1ccc(OC(=O)C(C)(C)C)c(OC(=O)C(C)(C)C)c1,None,None,None,None,CHEMBL3231
55,0,CNCC(O)c1ccc(OC(=O)C(C)(C)C)c(OC(=O)C(C)(C)C)c1,None,None,None,None,CHEMBL3805
56,0,CNCC(O)c1ccc(OC(=O)C(C)(C)C)c(OC(=O)C(C)(C)C)c1,None,None,None,None,CHEMBL2609
57,0,CNCC(O)c1ccc(OC(=O)C(C)(C)C)c(OC(=O)C(C)(C)C)c1,None,None,None,None,CHEMBL3969
58,0,CNCC(O)c1ccc(OC(=O)C(C)(C)C)c(OC(=O)C(C)(C)C)c1,None,None,None,None,CHEMBL4789
59,0,CNCC(O)c1ccc(OC(=O)C(C)(C)C)c(OC(=O)C(C)(C)C)c1,None,None,None,None,CHEMBL2326
60,0,CNCC(O)c1ccc(OC(=O)C(C)(C)C)c(OC(=O)C(C)(C)C)c1,None,None,None,None,CHEMBL3510
61,0,CNCC(O)c1ccc(OC(=O)C(C)(C)C)c(OC(=O)C(C)(C)C)c1,None,None,None,None,CHEMBL2973
62,0,CNCC(O)c1ccc(OC(=O)C(C)(C)C)c(OC(=O)C(C)(C)C)c1,None,None,None,None,CHEMBL4619
63,0,CNCC(O)c1ccc(OC(=O)C(C)(C)C)c(OC(=O)C(C)(C)C)c1,None,None,None,None,CHEMBL286
64,0,CNCC(O)c1ccc(OC(=O)C(C)(C)C)c(OC(=O)C(C)(C)C)c1,None,None,None,None,CHEMBL288
65,0,CNCC(O)c1ccc(OC(=O)C(C)(C)C)c(OC(=O)C(C)(C)C)c1,None,None,None,None,CHEMBL3977
66,0,CNCC(O)c1ccc(OC(=O)C(C)(C)C)c(OC(=O)C(C)(C)C)c1,None,None,None,None,CHEMBL290
67,0,CNCC(O)c1ccc(OC(=O)C(C)(C)C)c(OC(=O)C(C)(C)C)c1,None,None,None,None,CHEMBL291
68,0,CNCC(O)c1ccc(OC(=O)C(C)(C)C)c(OC(=O)C(C)(C)C)c1,None,None,None,None,CHEMBL1980
69,0,CNCC(O)c1ccc(OC(=O)C(C)(C)C)c(OC(=O)C(C)(C)C)c1,None,None,None,None,CHEMBL4235
70,0,CNCC(O)c1ccc(OC(=O)C(C)(C)C)c(OC(=O)C(C)(C)C)c1,None,None,None,None,CHEMBL3878
71,0,CNCC(O)c1ccc(OC(=O)C(C)(C)C)c(OC(=O)C(C)(C)C)c1,None,None,None,None,CHEMBL3119
72,0,CNCC(O)c1ccc(OC(=O)C(C)(C)C)c(OC(=O)C(C)(C)C)c1,None,None,None,None,CHEMBL3012
73,0,CNCC(O)c1ccc(OC(=O)C(C)(C)C)c(OC(=O)C(C)(C)C)c1,None,None,None,None,CHEMBL3242
74,0,CNCC(O)c1ccc(OC(=O)C(C)(C)C)c(OC(=O)C(C)(C)C)c1,None,None,None,None,CHEMBL2717
75,0,CNCC(O)c1ccc(OC(=O)C(C)(C)C)c(OC(=O)C(C)(C)C)c1,None,None,None,None,CHEMBL3729
76,0,CNCC(O)c1ccc(OC(=O)C(C)(C)C)c(OC(=O)C(C)(C)C)c1,None,None,None,None,CHEMBL3912
77,0,CNCC(O)c1ccc(OC(=O)C(C)(C)C)c(OC(=O)C(C)(C)C)c1,None,None,None,None,CHEMBL3594
78,0,CNCC(O)c1ccc(OC(=O)C(C)(C)C)c(OC(=O)C(C)(C)C)c1,None,None,None,None,CHEMBL2072
79,0,CNCC(O)c1ccc(OC(=O)C(C)(C)C)c(OC(=O)C(C)(C)C)c1,None,None,None,None,CHEMBL4296
80,0,CNCC(O)c1ccc(OC(=O)C(C)(C)C)c(OC(=O)C(C)(C)C)c1,None,None,None,None,CHEMBL4187
81,0,CNCC(O)c1ccc(OC(=O)C(C)(C)C)c(OC(=O)C(C)(C)C)c1,None,None,None,None,CHEMBL5163
82,0,CNCC(O)c1ccc(OC(=O)C(C)(C)C)c(OC(=O)C(C)(C)C)c1,None,None,None,None,CHEMBL5451
83,0,CNCC(O)c1ccc(OC(=O)C(C)(C)C)c(OC(=O)C(C)(C)C)c1,None,None,None,None,CHEMBL3535
84,0,CNCC(O)c1ccc(OC(=O)C(C)(C)C)c(OC(=O)C(C)(C)C)c1,None,None,None,None,CHEMBL3746
85,0,CNCC(O)c1ccc(OC(=O)C(C)(C)C)c(OC(=O)C(C)(C)C)c1,None,None,None,None,CHEMBL3836
86,0,CNCC(O)c1ccc(OC(=O)C(C)(C)C)c(OC(=O)C(C)(C)C)c1,None,None,None,None,CHEMBL4640
87,0,CNCC(O)c1ccc(OC(=O)C(C)(C)C)c(OC(=O)C(C)(C)C)c1,None,None,None,None,CHEMBL4408
88,0,CNCC(O)c1ccc(OC(=O)C(C)(C)C)c(OC(=O)C(C)(C)C)c1,None,None,None,None,CHEMBL4409
89,0,CNCC(O)c1ccc(OC(=O)C(C)(C)C)c(OC(=O)C(C)(C)C)c1,None,None,None,None,CHEMBL4267
90,0,CNCC(O)c1ccc(OC(=O)C(C)(C)C)c(OC(=O)C(C)(C)C)c1,None,None,None,None,CHEMBL5932
0,1,CCNC(=O)CCC/C=C\C[C@H]1[C@@H](O)C[C@@H](O)[C@@H]1/C=C/[C@@H](O)CCc1ccccc1,None,None,None,None,CHEMBL1827
1,1,CCNC(=O)CCC/C=C\C[C@H]1[C@@H](O)C[C@@H](O)[C@@H]1/C=C/[C@@H](O)CCc1ccccc1,None,None,None,None,CHEMBL205
2,1,CCNC(=O)CCC/C=C\C[C@H]1[C@@H](O)C[C@@H](O)[C@@H]1/C=C/[C@@H](O)CCc1ccccc1,None,None,None,None,CHEMBL2034
3,1,CCNC(=O)CCC/C=C\C[C@H]1[C@@H](O)C[C@@H](O)[C@@H]1/C=C/[C@@H](O)CCc1ccccc1,None,None,None,None,CHEMBL210
4,1,CCNC(=O)CCC/C=C\C[C@H]1[C@@H](O)C[C@@H](O)[C@@H]1/C=C/[C@@H](O)CCc1ccccc1,None,None,None,None,CHEMBL211
5,1,CCNC(=O)CCC/C=C\C[C@H]1[C@@H](O)C[C@@H](O)[C@@H]1/C=C/[C@@H](O)CCc1ccccc1,None,None,None,None,CHEMBL213
6,1,CCNC(=O)CCC/C=C\C[C@H]1[C@@H](O)C[C@@H](O)[C@@H]1/C=C/[C@@H](O)CCc1ccccc1,None,None,None,None,CHEMBL214
7,1,CCNC(=O)CCC/C=C\C[C@H]1[C@@H](O)C[C@@H](O)[C@@H]1/C=C/[C@@H](O)CCc1ccccc1,None,None,None,None,CHEMBL1867
8,1,CCNC(=O)CCC/C=C\C[C@H]1[C@@H](O)C[C@@H](O)[C@@H]1/C=C/[C@@H](O)CCc1ccccc1,None,None,None,None,CHEMBL216
9,1,CCNC(=O)CCC/C=C\C[C@H]1[C@@H](O)C[C@@H](O)[C@@H]1/C=C/[C@@H](O)CCc1ccccc1,None,None,None,None,CHEMBL217
10,1,CCNC(=O)CCC/C=C\C[C@H]1[C@@H](O)C[C@@H](O)[C@@H]1/C=C/[C@@H](O)CCc1ccccc1,None,None,None,None,CHEMBL1951
11,1,CCNC(=O)CCC/C=C\C[C@H]1[C@@H](O)C[C@@H](O)[C@@H]1/C=C/[C@@H](O)CCc1ccccc1,None,None,None,None,CHEMBL2056
12,1,CCNC(=O)CCC/C=C\C[C@H]1[C@@H](O)C[C@@H](O)[C@@H]1/C=C/[C@@H](O)CCc1ccccc1,None,None,None,None,CHEMBL220
13,1,CCNC(=O)CCC/C=C\C[C@H]1[C@@H](O)C[C@@H](O)[C@@H]1/C=C/[C@@H](O)CCc1ccccc1,None,None,None,None,CHEMBL221
14,1,CCNC(=O)CCC/C=C\C[C@H]1[C@@H](O)C[C@@H](O)[C@@H]1/C=C/[C@@H](O)CCc1ccccc1,None,None,None,None,CHEMBL222
15,1,CCNC(=O)CCC/C=C\C[C@H]1[C@@H](O)C[C@@H](O)[C@@H]1/C=C/[C@@H](O)CCc1ccccc1,None,None,None,None,CHEMBL223
16,1,CCNC(=O)CCC/C=C\C[C@H]1[C@@H](O)C[C@@H](O)[C@@H]1/C=C/[C@@H](O)CCc1ccccc1,None,None,None,None,CHEMBL224
17,1,CCNC(=O)CCC/C=C\C[C@H]1[C@@H](O)C[C@@H](O)[C@@H]1/C=C/[C@@H](O)CCc1ccccc1,None,None,None,None,CHEMBL225
18,1,CCNC(=O)CCC/C=C\C[C@H]1[C@@H](O)C[C@@H](O)[C@@H]1/C=C/[C@@H](O)CCc1ccccc1,None,None,None,None,CHEMBL226
19,1,CCNC(=O)CCC/C=C\C[C@H]1[C@@H](O)C[C@@H](O)[C@@H]1/C=C/[C@@H](O)CCc1ccccc1,None,None,None,None,CHEMBL229
20,1,CCNC(=O)CCC/C=C\C[C@H]1[C@@H](O)C[C@@H](O)[C@@H]1/C=C/[C@@H](O)CCc1ccccc1,None,None,None,None,CHEMBL230
21,1,CCNC(=O)CCC/C=C\C[C@H]1[C@@H](O)C[C@@H](O)[C@@H]1/C=C/[C@@H](O)CCc1ccccc1,None,None,None,None,CHEMBL232
22,1,CCNC(=O)CCC/C=C\C[C@H]1[C@@H](O)C[C@@H](O)[C@@H]1/C=C/[C@@H](O)CCc1ccccc1,4.498090788729314e-11,None,1.6676547401390112e-23,3.531640969935104e-43,CHEMBL1987
23,1,CCNC(=O)CCC/C=C\C[C@H]1[C@@H](O)C[C@@H](O)[C@@H]1/C=C/[C@@H](O)CCc1ccccc1,None,None,None,None,CHEMBL1881
24,1,CCNC(=O)CCC/C=C\C[C@H]1[C@@H](O)C[C@@H](O)[C@@H]1/C=C/[C@@H](O)CCc1ccccc1,None,None,None,None,CHEMBL2015
25,1,CCNC(=O)CCC/C=C\C[C@H]1[C@@H](O)C[C@@H](O)[C@@H]1/C=C/[C@@H](O)CCc1ccccc1,None,None,None,None,CHEMBL1940
26,1,CCNC(=O)CCC/C=C\C[C@H]1[C@@H](O)C[C@@H](O)[C@@H]1/C=C/[C@@H](O)CCc1ccccc1,None,None,None,None,CHEMBL241
27,1,CCNC(=O)CCC/C=C\C[C@H]1[C@@H](O)C[C@@H](O)[C@@H]1/C=C/[C@@H](O)CCc1ccccc1,None,None,None,None,CHEMBL1783
28,1,CCNC(=O)CCC/C=C\C[C@H]1[C@@H](O)C[C@@H](O)[C@@H]1/C=C/[C@@H](O)CCc1ccccc1,None,None,None,None,CHEMBL1821
29,1,CCNC(=O)CCC/C=C\C[C@H]1[C@@H](O)C[C@@H](O)[C@@H]1/C=C/[C@@H](O)CCc1ccccc1,None,None,None,None,CHEMBL2035
30,1,CCNC(=O)CCC/C=C\C[C@H]1[C@@H](O)C[C@@H](O)[C@@H]1/C=C/[C@@H](O)CCc1ccccc1,None,None,None,None,CHEMBL1942
31,1,CCNC(=O)CCC/C=C\C[C@H]1[C@@H](O)C[C@@H](O)[C@@H]1/C=C/[C@@H](O)CCc1ccccc1,None,None,None,None,CHEMBL1916
32,1,CCNC(=O)CCC/C=C\C[C@H]1[C@@H](O)C[C@@H](O)[C@@H]1/C=C/[C@@H](O)CCc1ccccc1,None,None,None,None,CHEMBL245
33,1,CCNC(=O)CCC/C=C\C[C@H]1[C@@H](O)C[C@@H](O)[C@@H]1/C=C/[C@@H](O)CCc1ccccc1,None,None,None,None,CHEMBL1904
34,1,CCNC(=O)CCC/C=C\C[C@H]1[C@@H](O)C[C@@H](O)[C@@H]1/C=C/[C@@H](O)CCc1ccccc1,None,None,None,None,CHEMBL246
35,1,CCNC(=O)CCC/C=C\C[C@H]1[C@@H](O)C[C@@H](O)[C@@H]1/C=C/[C@@H](O)CCc1ccccc1,None,None,None,None,CHEMBL1833
36,1,CCNC(=O)CCC/C=C\C[C@H]1[C@@H](O)C[C@@H](O)[C@@H]1/C=C/[C@@H](O)CCc1ccccc1,None,None,None,None,CHEMBL1900
37,1,CCNC(=O)CCC/C=C\C[C@H]1[C@@H](O)C[C@@H](O)[C@@H]1/C=C/[C@@H](O)CCc1ccccc1,None,None,None,None,CHEMBL1785
38,1,CCNC(=O)CCC/C=C\C[C@H]1[C@@H](O)C[C@@H](O)[C@@H]1/C=C/[C@@H](O)CCc1ccccc1,None,None,None,None,CHEMBL252
39,1,CCNC(=O)CCC/C=C\C[C@H]1[C@@H](O)C[C@@H](O)[C@@H]1/C=C/[C@@H](O)CCc1ccccc1,None,None,None,None,CHEMBL251
40,1,CCNC(=O)CCC/C=C\C[C@H]1[C@@H](O)C[C@@H](O)[C@@H]1/C=C/[C@@H](O)CCc1ccccc1,None,None,None,None,CHEMBL1836
41,1,CCNC(=O)CCC/C=C\C[C@H]1[C@@H](O)C[C@@H](O)[C@@H]1/C=C/[C@@H](O)CCc1ccccc1,None,None,None,None,CHEMBL254
42,1,CCNC(=O)CCC/C=C\C[C@H]1[C@@H](O)C[C@@H](O)[C@@H]1/C=C/[C@@H](O)CCc1ccccc1,None,None,None,None,CHEMBL256
43,1,CCNC(=O)CCC/C=C\C[C@H]1[C@@H](O)C[C@@H](O)[C@@H]1/C=C/[C@@H](O)CCc1ccccc1,None,None,None,None,CHEMBL4716
44,1,CCNC(=O)CCC/C=C\C[C@H]1[C@@H](O)C[C@@H](O)[C@@H]1/C=C/[C@@H](O)CCc1ccccc1,None,None,None,None,CHEMBL2885
45,1,CCNC(=O)CCC/C=C\C[C@H]1[C@@H](O)C[C@@H](O)[C@@H]1/C=C/[C@@H](O)CCc1ccccc1,None,None,None,None,CHEMBL3421
46,1,CCNC(=O)CCC/C=C\C[C@H]1[C@@H](O)C[C@@H](O)[C@@H]1/C=C/[C@@H](O)CCc1ccccc1,None,None,None,None,CHEMBL3025
47,1,CCNC(=O)CCC/C=C\C[C@H]1[C@@H](O)C[C@@H](O)[C@@H]1/C=C/[C@@H](O)CCc1ccccc1,None,None,None,None,CHEMBL4884
48,1,CCNC(=O)CCC/C=C\C[C@H]1[C@@H](O)C[C@@H](O)[C@@H]1/C=C/[C@@H](O)CCc1ccccc1,None,None,None,None,CHEMBL261
49,1,CCNC(=O)CCC/C=C\C[C@H]1[C@@H](O)C[C@@H](O)[C@@H]1/C=C/[C@@H](O)CCc1ccccc1,6.121148529869558e-05,None,None,None,CHEMBL3710
50,1,CCNC(=O)CCC/C=C\C[C@H]1[C@@H](O)C[C@@H](O)[C@@H]1/C=C/[C@@H](O)CCc1ccccc1,None,None,None,None,CHEMBL1914
51,1,CCNC(=O)CCC/C=C\C[C@H]1[C@@H](O)C[C@@H](O)[C@@H]1/C=C/[C@@H](O)CCc1ccccc1,None,None,None,None,CHEMBL4425
52,1,CCNC(=O)CCC/C=C\C[C@H]1[C@@H](O)C[C@@H](O)[C@@H]1/C=C/[C@@H](O)CCc1ccccc1,None,None,None,None,CHEMBL2652
53,1,CCNC(=O)CCC/C=C\C[C@H]1[C@@H](O)C[C@@H](O)[C@@H]1/C=C/[C@@H](O)CCc1ccccc1,None,None,None,None,CHEMBL275
54,1,CCNC(=O)CCC/C=C\C[C@H]1[C@@H](O)C[C@@H](O)[C@@H]1/C=C/[C@@H](O)CCc1ccccc1,None,None,None,None,CHEMBL3231
55,1,CCNC(=O)CCC/C=C\C[C@H]1[C@@H](O)C[C@@H](O)[C@@H]1/C=C/[C@@H](O)CCc1ccccc1,None,None,None,None,CHEMBL3805
56,1,CCNC(=O)CCC/C=C\C[C@H]1[C@@H](O)C[C@@H](O)[C@@H]1/C=C/[C@@H](O)CCc1ccccc1,None,None,None,None,CHEMBL2609
57,1,CCNC(=O)CCC/C=C\C[C@H]1[C@@H](O)C[C@@H](O)[C@@H]1/C=C/[C@@H](O)CCc1ccccc1,None,None,None,None,CHEMBL3969
58,1,CCNC(=O)CCC/C=C\C[C@H]1[C@@H](O)C[C@@H](O)[C@@H]1/C=C/[C@@H](O)CCc1ccccc1,None,None,None,None,CHEMBL4789
59,1,CCNC(=O)CCC/C=C\C[C@H]1[C@@H](O)C[C@@H](O)[C@@H]1/C=C/[C@@H](O)CCc1ccccc1,None,None,None,None,CHEMBL2326
60,1,CCNC(=O)CCC/C=C\C[C@H]1[C@@H](O)C[C@@H](O)[C@@H]1/C=C/[C@@H](O)CCc1ccccc1,None,None,None,None,CHEMBL3510
61,1,CCNC(=O)CCC/C=C\C[C@H]1[C@@H](O)C[C@@H](O)[C@@H]1/C=C/[C@@H](O)CCc1ccccc1,None,None,None,None,CHEMBL2973
62,1,CCNC(=O)CCC/C=C\C[C@H]1[C@@H](O)C[C@@H](O)[C@@H]1/C=C/[C@@H](O)CCc1ccccc1,None,None,None,None,CHEMBL4619
63,1,CCNC(=O)CCC/C=C\C[C@H]1[C@@H](O)C[C@@H](O)[C@@H]1/C=C/[C@@H](O)CCc1ccccc1,None,None,None,None,CHEMBL286
64,1,CCNC(=O)CCC/C=C\C[C@H]1[C@@H](O)C[C@@H](O)[C@@H]1/C=C/[C@@H](O)CCc1ccccc1,None,None,None,None,CHEMBL288
65,1,CCNC(=O)CCC/C=C\C[C@H]1[C@@H](O)C[C@@H](O)[C@@H]1/C=C/[C@@H](O)CCc1ccccc1,None,None,None,None,CHEMBL3977
66,1,CCNC(=O)CCC/C=C\C[C@H]1[C@@H](O)C[C@@H](O)[C@@H]1/C=C/[C@@H](O)CCc1ccccc1,None,None,None,None,CHEMBL290
67,1,CCNC(=O)CCC/C=C\C[C@H]1[C@@H](O)C[C@@H](O)[C@@H]1/C=C/[C@@H](O)CCc1ccccc1,None,None,None,None,CHEMBL291
68,1,CCNC(=O)CCC/C=C\C[C@H]1[C@@H](O)C[C@@H](O)[C@@H]1/C=C/[C@@H](O)CCc1ccccc1,None,None,None,None,CHEMBL1980
69,1,CCNC(=O)CCC/C=C\C[C@H]1[C@@H](O)C[C@@H](O)[C@@H]1/C=C/[C@@H](O)CCc1ccccc1,None,None,None,None,CHEMBL4235
70,1,CCNC(=O)CCC/C=C\C[C@H]1[C@@H](O)C[C@@H](O)[C@@H]1/C=C/[C@@H](O)CCc1ccccc1,None,None,None,None,CHEMBL3878
71,1,CCNC(=O)CCC/C=C\C[C@H]1[C@@H](O)C[C@@H](O)[C@@H]1/C=C/[C@@H](O)CCc1ccccc1,None,None,None,None,CHEMBL3119
72,1,CCNC(=O)CCC/C=C\C[C@H]1[C@@H](O)C[C@@H](O)[C@@H]1/C=C/[C@@H](O)CCc1ccccc1,None,None,None,None,CHEMBL3012
73,1,CCNC(=O)CCC/C=C\C[C@H]1[C@@H](O)C[C@@H](O)[C@@H]1/C=C/[C@@H](O)CCc1ccccc1,None,None,None,None,CHEMBL3242
74,1,CCNC(=O)CCC/C=C\C[C@H]1[C@@H](O)C[C@@H](O)[C@@H]1/C=C/[C@@H](O)CCc1ccccc1,None,None,None,None,CHEMBL2717
75,1,CCNC(=O)CCC/C=C\C[C@H]1[C@@H](O)C[C@@H](O)[C@@H]1/C=C/[C@@H](O)CCc1ccccc1,None,None,None,None,CHEMBL3729
76,1,CCNC(=O)CCC/C=C\C[C@H]1[C@@H](O)C[C@@H](O)[C@@H]1/C=C/[C@@H](O)CCc1ccccc1,None,None,None,None,CHEMBL3912
77,1,CCNC(=O)CCC/C=C\C[C@H]1[C@@H](O)C[C@@H](O)[C@@H]1/C=C/[C@@H](O)CCc1ccccc1,None,None,None,None,CHEMBL3594
78,1,CCNC(=O)CCC/C=C\C[C@H]1[C@@H](O)C[C@@H](O)[C@@H]1/C=C/[C@@H](O)CCc1ccccc1,None,None,None,None,CHEMBL2072
79,1,CCNC(=O)CCC/C=C\C[C@H]1[C@@H](O)C[C@@H](O)[C@@H]1/C=C/[C@@H](O)CCc1ccccc1,None,None,None,None,CHEMBL4296
80,1,CCNC(=O)CCC/C=C\C[C@H]1[C@@H](O)C[C@@H](O)[C@@H]1/C=C/[C@@H](O)CCc1ccccc1,None,None,None,None,CHEMBL4187
81,1,CCNC(=O)CCC/C=C\C[C@H]1[C@@H](O)C[C@@H](O)[C@@H]1/C=C/[C@@H](O)CCc1ccccc1,None,None,None,None,CHEMBL5163
82,1,CCNC(=O)CCC/C=C\C[C@H]1[C@@H](O)C[C@@H](O)[C@@H]1/C=C/[C@@H](O)CCc1ccccc1,None,None,None,None,CHEMBL5451
83,1,CCNC(=O)CCC/C=C\C[C@H]1[C@@H](O)C[C@@H](O)[C@@H]1/C=C/[C@@H](O)CCc1ccccc1,None,None,None,None,CHEMBL3535
84,1,CCNC(=O)CCC/C=C\C[C@H]1[C@@H](O)C[C@@H](O)[C@@H]1/C=C/[C@@H](O)CCc1ccccc1,None,None,None,None,CHEMBL3746
85,1,CCNC(=O)CCC/C=C\C[C@H]1[C@@H](O)C[C@@H](O)[C@@H]1/C=C/[C@@H](O)CCc1ccccc1,None,None,None,None,CHEMBL3836
86,1,CCNC(=O)CCC/C=C\C[C@H]1[C@@H](O)C[C@@H](O)[C@@H]1/C=C/[C@@H](O)CCc1ccccc1,None,None,None,None,CHEMBL4640
87,1,CCNC(=O)CCC/C=C\C[C@H]1[C@@H](O)C[C@@H](O)[C@@H]1/C=C/[C@@H](O)CCc1ccccc1,None,None,None,None,CHEMBL4408
88,1,CCNC(=O)CCC/C=C\C[C@H]1[C@@H](O)C[C@@H](O)[C@@H]1/C=C/[C@@H](O)CCc1ccccc1,None,None,None,None,CHEMBL4409
89,1,CCNC(=O)CCC/C=C\C[C@H]1[C@@H](O)C[C@@H](O)[C@@H]1/C=C/[C@@H](O)CCc1ccccc1,None,None,None,None,CHEMBL4267
90,1,CCNC(=O)CCC/C=C\C[C@H]1[C@@H](O)C[C@@H](O)[C@@H]1/C=C/[C@@H](O)CCc1ccccc1,None,None,None,None,CHEMBL5932
